ID,Expectation,isSuccess,code,message,type,data_code,value,value_unicode,data_type
1,True,True,200,Backend response:Resource Created,,,,,
2,True,True,200,Backend response:Resource Created,,,,,
3,True,True,200,Backend response:Resource Created,,,,,
4,True,True,200,Backend response:Resource Created,,,,,
5,True,True,200,Backend response:Resource Created,,,,,
6,True,True,200,Backend response:Resource Created,,,,,
7,True,True,200,Backend response:Resource Created,,,,,
8,True,True,200,Backend response:Resource Created,,,,,
9,True,False,422,Backend response:Invalid Request,j,kYYn,,FYDXDlLPt,rTlbz
10,True,False,422,Backend response:Invalid Request,rMEc,iIGzeuicN,,TvgwFCECq,
11,True,False,422,Backend response:Invalid Request,OOKQxex,qvrapMvrq,,S,RiOjZi
12,True,False,422,Backend response:Invalid Request,aSuCAgVB,s,,OKgRn,
13,True,False,422,Backend response:Invalid Request,KKHgyfvvk,LSt,,,WvMNLzFCFQ
14,True,False,422,Backend response:Invalid Request,KpFPF,rFfw,,,
15,True,False,422,Backend response:Invalid Request,Hyp,J,,,aC
16,True,False,422,Backend response:Invalid Request,dayKPnlNY,dVeBGGv,,,
17,True,False,422,Backend response:Invalid Request,MjTQIc,,M,uSH,DWOWEWcNsv
18,True,False,422,Backend response:Invalid Request,DPg,,Jaky,ITGNH,
19,True,False,422,Backend response:Invalid Request,AuvObSKhA,,eaDyojD,bDx,tZaIJ
20,True,False,422,Backend response:Invalid Request,OUySZJqVN,,tiRrL,ZFADBY,
21,True,False,422,Backend response:Invalid Request,svuhFOCMR,,tkdVXn,,gLwlmll
22,True,False,422,Backend response:Invalid Request,EkFH,,iGixZjA,,
23,True,False,422,Backend response:Invalid Request,T,,GwN,,EPE
24,True,False,422,Backend response:Invalid Request,snNqwNJ,,XjIAJsbhd,,
25,True,False,422,Backend response:Invalid Request,gsS,,,LekCmF,ZP
26,True,False,422,Backend response:Invalid Request,HZ,,,xCbH,
27,True,False,422,Backend response:Invalid Request,sDSl,,,r,bnTthFfmd
28,True,False,422,Backend response:Invalid Request,krfSHsF,,,UFdm,
29,True,False,422,Backend response:Invalid Request,JR,,,,WbOCGEVBb
30,True,False,422,Backend response:Invalid Request,AnfwRk,,,,
31,True,False,422,Backend response:Invalid Request,a,,,,bz
32,True,False,422,Backend response:Invalid Request,C,,,,
33,True,False,422,Backend response:Invalid Request,,hcFmjOl,WFQMbozN,FTOij,PPwWri
34,True,False,422,Backend response:Invalid Request,,C,hzOBDHgAQ,Iay,
35,True,False,422,Backend response:Invalid Request,,xBtpIE,TRDTzpy,jixheb,ReZPDdFNO
36,True,False,422,Backend response:Invalid Request,,fWX,wBcxVv,OGf,
37,True,False,422,Backend response:Invalid Request,,lNpV,q,,hJzWwQr
38,True,False,422,Backend response:Invalid Request,,CefDePBV,ewaeBFb,,
39,True,False,422,Backend response:Invalid Request,,dx,gGRFaNE,,qlDYI
40,True,False,422,Backend response:Invalid Request,,dkuz,FLxrZk,,
41,True,False,422,Backend response:Invalid Request,,JbI,,PzXXGoN,zgwGOu
42,True,False,422,Backend response:Invalid Request,,CiOIMB,,DC,
43,True,False,422,Backend response:Invalid Request,,XaAgkopnwf,,VWlZEmqH,kAqFNDfHLn
44,True,False,422,Backend response:Invalid Request,,EPd,,pHtEKCrk,
45,True,False,422,Backend response:Invalid Request,,Vfn,,,eJEvItxE
46,True,False,422,Backend response:Invalid Request,,RPsQKk,,,
47,True,False,422,Backend response:Invalid Request,,BNVNwe,,,lpCrmz
48,True,False,422,Backend response:Invalid Request,,QuGz,,,
49,True,False,422,Backend response:Invalid Request,,,XHQDn,oPdhOTRyC,gZoa
50,True,False,422,Backend response:Invalid Request,,,eMBe,GA,
51,True,False,422,Backend response:Invalid Request,,,n,p,FCpngWI
52,True,False,422,Backend response:Invalid Request,,,acmmGYggBq,djWaSNuqE,
53,True,False,422,Backend response:Invalid Request,,,dot,,hkPf
54,True,False,422,Backend response:Invalid Request,,,jmoxVcyA,,
55,True,False,422,Backend response:Invalid Request,,,ZbCnEfbooB,,QeNTNadL
56,True,False,422,Backend response:Invalid Request,,,uZ,,
57,True,False,422,Backend response:Invalid Request,,,,nzLFM,mwLHhOEK
58,True,False,422,Backend response:Invalid Request,,,,Tg,
59,True,False,422,Backend response:Invalid Request,,,,oMrZgWy,xaxXh
60,True,False,422,Backend response:Invalid Request,,,,tvRepJiR,
61,True,False,422,Backend response:Invalid Request,,,,,yLRZrpnRax
62,True,False,422,Backend response:Invalid Request,,,,,
63,True,False,422,Backend response:Invalid Request,,,,,ZpJfI
64,True,False,422,Backend response:Invalid Request,,,,,
65,True,False,400,Backend response:Duplicate Entry,ivnLJbbg,unJHW,lOP,RjK,
66,True,False,422,Backend response:Invalid Request,MjTQIc,,M,uSH,DWOWEWcNsv
67,True,False,422,Backend response:Invalid Request,,,XHQDn,oPdhOTRyC,gZoa
68,True,True,200,Backend response:Resource Created,,,,,
69,True,False,422,Backend response:Invalid Request,BXSoXbJimkQQPqJbeXAcVPUEeSqnhWEZNsDOFtOuckQCoyoMvilHyPozONjskOeEQdyywxYAxCmVnjfIQIyMebxteDBNroPmoDTlAvTbk,CyPkHNTFphVrVzZOCByaWwLjricucOwIzOaQTroyadnBjzwXYPFdsTeTJkarGYAWdblEImmmyVoHcrMUDQvPvBCLvjTkOcyoCyGNRuW,XrgLQtdGAfWzprLCZusUmRYNWviirRFsZFBmcFZFTKsBmDgZnlBsYefWrdAOYvbZNsKORsiRZSrXjngDTWEDguVUooapMDNMyEhNEFG,CsXStOLJOpkfrVyvNIUYZecHbKwxodbFqBWjvCnRcSlDUXyJdZjSSWxYmQwXGSxwyWWgkylPpCjfOBRGzFtZtwWcfhtdyXFGtLhHeinN,gnSQEQzzQymYItOvpiuwdSirHGJTjomBetmMsKNyDWgQGWOjZUuCrcbalDTkbAMDTpdLaQAibHcRPVukWYfJLBdeRsgBPibNXhldaNMpB
