ID,update_id,expectation,isSuccess,code,message
1,141,True,True,200,Backend response:Updated Successfully
2,141,True,True,200,Backend response:Updated Successfully
3,141,True,True,200,Backend response:Updated Successfully
4,141,True,True,200,Backend response:Updated Successfully
5,141,True,True,200,Backend response:Updated Successfully
6,141,True,True,200,Backend response:Updated Successfully
7,141,True,True,200,Backend response:Updated Successfully
8,141,True,True,200,Backend response:Updated Successfully
9,141,True,False,422,Backend response:Invalid Request
10,141,True,False,422,Backend response:Invalid Request
11,141,True,False,422,Backend response:Invalid Request
12,141,True,False,422,Backend response:Invalid Request
13,141,True,False,422,Backend response:Invalid Request
14,141,True,False,422,Backend response:Invalid Request
15,141,True,False,422,Backend response:Invalid Request
16,141,True,False,422,Backend response:Invalid Request
17,141,True,False,422,Backend response:Invalid Request
18,141,True,False,422,Backend response:Invalid Request
19,141,True,False,422,Backend response:Invalid Request
20,141,True,False,422,Backend response:Invalid Request
21,141,True,False,422,Backend response:Invalid Request
22,141,True,False,422,Backend response:Invalid Request
23,141,True,False,422,Backend response:Invalid Request
24,141,True,False,422,Backend response:Invalid Request
25,141,True,False,422,Backend response:Invalid Request
26,141,True,False,422,Backend response:Invalid Request
27,141,True,False,422,Backend response:Invalid Request
28,141,True,False,422,Backend response:Invalid Request
29,141,True,False,422,Backend response:Invalid Request
30,141,True,False,422,Backend response:Invalid Request
31,141,True,False,422,Backend response:Invalid Request
32,141,True,False,422,Backend response:Invalid Request
33,141,True,False,422,Backend response:Invalid Request
34,141,True,False,422,Backend response:Invalid Request
35,141,True,False,422,Backend response:Invalid Request
36,141,True,False,422,Backend response:Invalid Request
37,141,True,False,422,Backend response:Invalid Request
38,141,True,False,422,Backend response:Invalid Request
39,141,True,False,422,Backend response:Invalid Request
40,141,True,False,422,Backend response:Invalid Request
41,141,True,False,422,Backend response:Invalid Request
42,141,True,False,422,Backend response:Invalid Request
43,141,True,False,422,Backend response:Invalid Request
44,141,True,False,422,Backend response:Invalid Request
45,141,True,False,422,Backend response:Invalid Request
46,141,True,False,422,Backend response:Invalid Request
47,141,True,False,422,Backend response:Invalid Request
48,141,True,False,422,Backend response:Invalid Request
49,141,True,False,422,Backend response:Invalid Request
50,141,True,False,422,Backend response:Invalid Request
51,141,True,False,422,Backend response:Invalid Request
52,141,True,False,422,Backend response:Invalid Request
53,141,True,False,422,Backend response:Invalid Request
54,141,True,False,422,Backend response:Invalid Request
55,141,True,False,422,Backend response:Invalid Request
56,141,True,False,422,Backend response:Invalid Request
57,141,True,False,422,Backend response:Invalid Request
58,141,True,False,422,Backend response:Invalid Request
59,141,True,False,422,Backend response:Invalid Request
60,141,True,False,422,Backend response:Invalid Request
61,141,True,False,422,Backend response:Invalid Request
62,141,True,False,422,Backend response:Invalid Request
63,141,True,False,422,Backend response:Invalid Request
64,141,True,False,422,Backend response:Invalid Request
65,-625,True,False,422,Backend response:Invalid Request
66,-625,True,False,422,Backend response:Invalid Request
67,-625,True,False,422,Backend response:Invalid Request
68,-625,True,False,422,Backend response:Invalid Request
69,-625,True,False,422,Backend response:Invalid Request
70,-625,True,False,422,Backend response:Invalid Request
71,-625,True,False,422,Backend response:Invalid Request
72,-625,True,False,422,Backend response:Invalid Request
73,-625,True,False,422,Backend response:Invalid Request
74,-625,True,False,422,Backend response:Invalid Request
75,-625,True,False,422,Backend response:Invalid Request
76,-625,True,False,422,Backend response:Invalid Request
77,-625,True,False,422,Backend response:Invalid Request
78,-625,True,False,422,Backend response:Invalid Request
79,-625,True,False,422,Backend response:Invalid Request
80,-625,True,False,422,Backend response:Invalid Request
81,-625,True,False,422,Backend response:Invalid Request
82,-625,True,False,422,Backend response:Invalid Request
83,-625,True,False,422,Backend response:Invalid Request
84,-625,True,False,422,Backend response:Invalid Request
85,-625,True,False,422,Backend response:Invalid Request
86,-625,True,False,422,Backend response:Invalid Request
87,-625,True,False,422,Backend response:Invalid Request
88,-625,True,False,422,Backend response:Invalid Request
89,-625,True,False,422,Backend response:Invalid Request
90,-625,True,False,422,Backend response:Invalid Request
91,-625,True,False,422,Backend response:Invalid Request
92,-625,True,False,422,Backend response:Invalid Request
93,-625,True,False,422,Backend response:Invalid Request
94,-625,True,False,422,Backend response:Invalid Request
95,-625,True,False,422,Backend response:Invalid Request
96,-625,True,False,422,Backend response:Invalid Request
97,-625,True,False,422,Backend response:Invalid Request
98,-625,True,False,422,Backend response:Invalid Request
99,-625,True,False,422,Backend response:Invalid Request
100,-625,True,False,422,Backend response:Invalid Request
101,-625,True,False,422,Backend response:Invalid Request
102,-625,True,False,422,Backend response:Invalid Request
103,-625,True,False,422,Backend response:Invalid Request
104,-625,True,False,422,Backend response:Invalid Request
105,-625,True,False,422,Backend response:Invalid Request
106,-625,True,False,422,Backend response:Invalid Request
107,-625,True,False,422,Backend response:Invalid Request
108,-625,True,False,422,Backend response:Invalid Request
109,-625,True,False,422,Backend response:Invalid Request
110,-625,True,False,422,Backend response:Invalid Request
111,-625,True,False,422,Backend response:Invalid Request
112,-625,True,False,422,Backend response:Invalid Request
113,-625,True,False,422,Backend response:Invalid Request
114,-625,True,False,422,Backend response:Invalid Request
115,-625,True,False,422,Backend response:Invalid Request
116,-625,True,False,422,Backend response:Invalid Request
117,-625,True,False,422,Backend response:Invalid Request
118,-625,True,False,422,Backend response:Invalid Request
119,-625,True,False,422,Backend response:Invalid Request
120,-625,True,False,422,Backend response:Invalid Request
121,-625,True,False,422,Backend response:Invalid Request
122,-625,True,False,422,Backend response:Invalid Request
123,-625,True,False,422,Backend response:Invalid Request
124,-625,True,False,422,Backend response:Invalid Request
125,-625,True,False,422,Backend response:Invalid Request
126,-625,True,False,422,Backend response:Invalid Request
127,-625,True,False,422,Backend response:Invalid Request
128,-625,True,False,422,Backend response:Invalid Request
129,0,True,False,422,Backend response:Invalid Request
130,0,True,False,422,Backend response:Invalid Request
131,0,True,False,422,Backend response:Invalid Request
132,0,True,False,422,Backend response:Invalid Request
133,0,True,False,422,Backend response:Invalid Request
134,0,True,False,422,Backend response:Invalid Request
135,0,True,False,422,Backend response:Invalid Request
136,0,True,False,422,Backend response:Invalid Request
137,0,True,False,422,Backend response:Invalid Request
138,0,True,False,422,Backend response:Invalid Request
139,0,True,False,422,Backend response:Invalid Request
140,0,True,False,422,Backend response:Invalid Request
141,0,True,False,422,Backend response:Invalid Request
142,0,True,False,422,Backend response:Invalid Request
143,0,True,False,422,Backend response:Invalid Request
144,0,True,False,422,Backend response:Invalid Request
145,0,True,False,422,Backend response:Invalid Request
146,0,True,False,422,Backend response:Invalid Request
147,0,True,False,422,Backend response:Invalid Request
148,0,True,False,422,Backend response:Invalid Request
149,0,True,False,422,Backend response:Invalid Request
150,0,True,False,422,Backend response:Invalid Request
151,0,True,False,422,Backend response:Invalid Request
152,0,True,False,422,Backend response:Invalid Request
153,0,True,False,422,Backend response:Invalid Request
154,0,True,False,422,Backend response:Invalid Request
155,0,True,False,422,Backend response:Invalid Request
156,0,True,False,422,Backend response:Invalid Request
157,0,True,False,422,Backend response:Invalid Request
158,0,True,False,422,Backend response:Invalid Request
159,0,True,False,422,Backend response:Invalid Request
160,0,True,False,422,Backend response:Invalid Request
161,0,True,False,422,Backend response:Invalid Request
162,0,True,False,422,Backend response:Invalid Request
163,0,True,False,422,Backend response:Invalid Request
164,0,True,False,422,Backend response:Invalid Request
165,0,True,False,422,Backend response:Invalid Request
166,0,True,False,422,Backend response:Invalid Request
167,0,True,False,422,Backend response:Invalid Request
168,0,True,False,422,Backend response:Invalid Request
169,0,True,False,422,Backend response:Invalid Request
170,0,True,False,422,Backend response:Invalid Request
171,0,True,False,422,Backend response:Invalid Request
172,0,True,False,422,Backend response:Invalid Request
173,0,True,False,422,Backend response:Invalid Request
174,0,True,False,422,Backend response:Invalid Request
175,0,True,False,422,Backend response:Invalid Request
176,0,True,False,422,Backend response:Invalid Request
177,0,True,False,422,Backend response:Invalid Request
178,0,True,False,422,Backend response:Invalid Request
179,0,True,False,422,Backend response:Invalid Request
180,0,True,False,422,Backend response:Invalid Request
181,0,True,False,422,Backend response:Invalid Request
182,0,True,False,422,Backend response:Invalid Request
183,0,True,False,422,Backend response:Invalid Request
184,0,True,False,422,Backend response:Invalid Request
185,0,True,False,422,Backend response:Invalid Request
186,0,True,False,422,Backend response:Invalid Request
187,0,True,False,422,Backend response:Invalid Request
188,0,True,False,422,Backend response:Invalid Request
189,0,True,False,422,Backend response:Invalid Request
190,0,True,False,422,Backend response:Invalid Request
191,0,True,False,422,Backend response:Invalid Request
192,0,True,False,422,Backend response:Invalid Request
193,692,True,False,404,Backend response:Information Not Found
194,692,True,False,404,Backend response:Information Not Found
195,692,True,False,404,Backend response:Information Not Found
196,692,True,False,404,Backend response:Information Not Found
197,692,True,False,404,Backend response:Information Not Found
198,692,True,False,404,Backend response:Information Not Found
199,692,True,False,404,Backend response:Information Not Found
200,692,True,False,404,Backend response:Information Not Found
201,692,True,False,422,Backend response:Invalid Request
202,692,True,False,422,Backend response:Invalid Request
203,692,True,False,422,Backend response:Invalid Request
204,692,True,False,422,Backend response:Invalid Request
205,692,True,False,422,Backend response:Invalid Request
206,692,True,False,422,Backend response:Invalid Request
207,692,True,False,422,Backend response:Invalid Request
208,692,True,False,422,Backend response:Invalid Request
209,692,True,False,422,Backend response:Invalid Request
210,692,True,False,422,Backend response:Invalid Request
211,692,True,False,422,Backend response:Invalid Request
212,692,True,False,422,Backend response:Invalid Request
213,692,True,False,422,Backend response:Invalid Request
214,692,True,False,422,Backend response:Invalid Request
215,692,True,False,422,Backend response:Invalid Request
216,692,True,False,422,Backend response:Invalid Request
217,692,True,False,422,Backend response:Invalid Request
218,692,True,False,422,Backend response:Invalid Request
219,692,True,False,422,Backend response:Invalid Request
220,692,True,False,422,Backend response:Invalid Request
221,692,True,False,422,Backend response:Invalid Request
222,692,True,False,422,Backend response:Invalid Request
223,692,True,False,422,Backend response:Invalid Request
224,692,True,False,422,Backend response:Invalid Request
225,692,True,False,422,Backend response:Invalid Request
226,692,True,False,422,Backend response:Invalid Request
227,692,True,False,422,Backend response:Invalid Request
228,692,True,False,422,Backend response:Invalid Request
229,692,True,False,422,Backend response:Invalid Request
230,692,True,False,422,Backend response:Invalid Request
231,692,True,False,422,Backend response:Invalid Request
232,692,True,False,422,Backend response:Invalid Request
233,692,True,False,422,Backend response:Invalid Request
234,692,True,False,422,Backend response:Invalid Request
235,692,True,False,422,Backend response:Invalid Request
236,692,True,False,422,Backend response:Invalid Request
237,692,True,False,422,Backend response:Invalid Request
238,692,True,False,422,Backend response:Invalid Request
239,692,True,False,422,Backend response:Invalid Request
240,692,True,False,422,Backend response:Invalid Request
241,692,True,False,422,Backend response:Invalid Request
242,692,True,False,422,Backend response:Invalid Request
243,692,True,False,422,Backend response:Invalid Request
244,692,True,False,422,Backend response:Invalid Request
245,692,True,False,422,Backend response:Invalid Request
246,692,True,False,422,Backend response:Invalid Request
247,692,True,False,422,Backend response:Invalid Request
248,692,True,False,422,Backend response:Invalid Request
249,692,True,False,422,Backend response:Invalid Request
250,692,True,False,422,Backend response:Invalid Request
251,692,True,False,422,Backend response:Invalid Request
252,692,True,False,422,Backend response:Invalid Request
253,692,True,False,422,Backend response:Invalid Request
254,692,True,False,422,Backend response:Invalid Request
255,692,True,False,422,Backend response:Invalid Request
256,692,True,False,422,Backend response:Invalid Request
257,822506493,True,False,404,Backend response:Information Not Found
258,822506493,True,False,404,Backend response:Information Not Found
259,822506493,True,False,404,Backend response:Information Not Found
260,822506493,True,False,404,Backend response:Information Not Found
261,822506493,True,False,404,Backend response:Information Not Found
262,822506493,True,False,404,Backend response:Information Not Found
263,822506493,True,False,404,Backend response:Information Not Found
264,822506493,True,False,404,Backend response:Information Not Found
265,822506493,True,False,422,Backend response:Invalid Request
266,822506493,True,False,422,Backend response:Invalid Request
267,822506493,True,False,422,Backend response:Invalid Request
268,822506493,True,False,422,Backend response:Invalid Request
269,822506493,True,False,422,Backend response:Invalid Request
270,822506493,True,False,422,Backend response:Invalid Request
271,822506493,True,False,422,Backend response:Invalid Request
272,822506493,True,False,422,Backend response:Invalid Request
273,822506493,True,False,422,Backend response:Invalid Request
274,822506493,True,False,422,Backend response:Invalid Request
275,822506493,True,False,422,Backend response:Invalid Request
276,822506493,True,False,422,Backend response:Invalid Request
277,822506493,True,False,422,Backend response:Invalid Request
278,822506493,True,False,422,Backend response:Invalid Request
279,822506493,True,False,422,Backend response:Invalid Request
280,822506493,True,False,422,Backend response:Invalid Request
281,822506493,True,False,422,Backend response:Invalid Request
282,822506493,True,False,422,Backend response:Invalid Request
283,822506493,True,False,422,Backend response:Invalid Request
284,822506493,True,False,422,Backend response:Invalid Request
285,822506493,True,False,422,Backend response:Invalid Request
286,822506493,True,False,422,Backend response:Invalid Request
287,822506493,True,False,422,Backend response:Invalid Request
288,822506493,True,False,422,Backend response:Invalid Request
289,822506493,True,False,422,Backend response:Invalid Request
290,822506493,True,False,422,Backend response:Invalid Request
291,822506493,True,False,422,Backend response:Invalid Request
292,822506493,True,False,422,Backend response:Invalid Request
293,822506493,True,False,422,Backend response:Invalid Request
294,822506493,True,False,422,Backend response:Invalid Request
295,822506493,True,False,422,Backend response:Invalid Request
296,822506493,True,False,422,Backend response:Invalid Request
297,822506493,True,False,422,Backend response:Invalid Request
298,822506493,True,False,422,Backend response:Invalid Request
299,822506493,True,False,422,Backend response:Invalid Request
300,822506493,True,False,422,Backend response:Invalid Request
301,822506493,True,False,422,Backend response:Invalid Request
302,822506493,True,False,422,Backend response:Invalid Request
303,822506493,True,False,422,Backend response:Invalid Request
304,822506493,True,False,422,Backend response:Invalid Request
305,822506493,True,False,422,Backend response:Invalid Request
306,822506493,True,False,422,Backend response:Invalid Request
307,822506493,True,False,422,Backend response:Invalid Request
308,822506493,True,False,422,Backend response:Invalid Request
309,822506493,True,False,422,Backend response:Invalid Request
310,822506493,True,False,422,Backend response:Invalid Request
311,822506493,True,False,422,Backend response:Invalid Request
312,822506493,True,False,422,Backend response:Invalid Request
313,822506493,True,False,422,Backend response:Invalid Request
314,822506493,True,False,422,Backend response:Invalid Request
315,822506493,True,False,422,Backend response:Invalid Request
316,822506493,True,False,422,Backend response:Invalid Request
317,822506493,True,False,422,Backend response:Invalid Request
318,822506493,True,False,422,Backend response:Invalid Request
319,822506493,True,False,422,Backend response:Invalid Request
320,822506493,True,False,422,Backend response:Invalid Request
321,141,True,False,400,Backend response:Duplicate Entry
322,141,True,False,400,Backend response:Duplicate Entry
