ID,update_id,c_response,name,description,tps,Error Message
1,5,True,amsSVLHGSj,LniPmLTxLX,404,
2,5,False,XezDybrYGt,CbneueOaug,,Required field- tps is missing
3,5,True,XIkKiteTuj,,535,
4,5,False,msJuqQnjga,,,Required field- tps is missing
5,5,False,,EMgueqluMZ,667,Required field- name is missing
6,5,False,,DmFWoiWFor,,Required field- name and tps is missing
7,5,False,,,520,Required field- name is missing
8,5,False,,,,Required field- name and tps is missing
9,5,True,PgOLLwRKTmnpJRIFxHrudFNIOvZKoZOXYfaTBOpRfrbrgVRuhK,BfklSTKfKLCvInlYNQukTzBLoxQfkRSIBlvdLGoChRwBXlMzFeKnFePIifNGSAknPwTBptKgRUuZUwpwpSgkLByodkftLnEabrKX,5342,
10,5,False,ZmwoGSWmVTijBzExCkovZnweALRPKvvnZwnlIyUiwoHVXCJuEUA,tooiorwvQlRsvEoqsAwvhhZWJdIESjzNTgRJzVaRRTGgosYNrBMSDFrYjeYJHiFfPLBKVYxfseycSZbQtcrYpSxsMAYKjRneocedN,9894,Max length is exceeded
11,5,False,XbSMyWjlvu,aGQOgLPQAV,CJkPYlyKsf,TPS value is not an integer
12,-672,False,RBZtsfePvI,pTtzoyQoZZ,885,Invalid id
13,-672,False,HDsvZwyfhI,yyDurYidgi,,Invalid id
14,-672,False,btlhWuipCn,,930,Invalid id
15,-672,False,bKiCwQORGH,,,Invalid id
16,-672,False,,iMhItIMzMB,264,Invalid id
17,-672,False,,VJxWDDSXfM,,Invalid id
18,-672,False,,,539,Invalid id
19,-672,False,,,,Invalid id
20,-672,False,HcoroDFOGOQsyWeNouaRKZcEmhLieFsThoBUrPZqPUMjXLBsSB,frLzTwaElzIxcdGZisYtJQmjgeMdCGXTZGzPlJUwpgqZHMWwepMeqfIRiEmxmvSldNTrACwJcgHXudXaaYLAVrKzOiHbgNdWNjsh,4541,Invalid id
21,-672,False,ppCxcWIyHeFbhObXXkOWiVuLULCuRPCyXbKuRgsjdOChfiyrGBS,TdcjcTLupaNnfkcnMEQSwDVNIgceWSLkzOqMHlgyuNEPdjCGTdOsnpialatDJcRkjnPndjzqrszozjLMYfdVHtmeelscUzdEDERUS,712,Invalid id
22,-672,False,FqHPqYrBpc,kTJGcrpNjq,yEsMDaNVJA,Invalid id
23,0,False,ZyAhLOMujs,sPrxXjVVDC,568,Invalid id
24,0,False,PmtdbiDIcy,yiZHHFWQkX,,Invalid id
25,0,False,TcCPfwljGI,,838,Invalid id
26,0,False,tnRDImZesF,,,Invalid id
27,0,False,,JMErwZEtUy,428,Invalid id
28,0,False,,zZprAGaqjB,,Invalid id
29,0,False,,,135,Invalid id
30,0,False,,,,Invalid id
31,0,False,EWHhboYOAIiFkuSDXGHvTXJXwLiydSaYhEuuRcVrwFHCnrrFCO,otwSnFZYZAfjSPcefcSlRfwlotCkhSTbMgQkhjDLhGzSjFCGvKOuBEGPrzGIylhOYVnBHqPNuLRewxrIFraXjjcyGYuTOCSPBHkj,9755,Invalid id
32,0,False,fdGKsQTUQhNdGzMoMxASkqzdtQesDGXUjhgOaxQvFgHYsMtjybg,yqcEpkfROtgUZGCOhgqJFIxmtiEvQxwDQuCAxUJKQbtCbwpQKSGxdwDxCWATBHIfRolMMoOxdEanQUjJLSIwVIjbCIcYFCFMWeAQq,1974,Invalid id
33,0,False,RtGnYfawPQ,jbGdkVZZKN,PBFfDMBVoO,Invalid id
34,109,False,VIETJPWOMP,oLbAQMAdGj,143,Invalid id
35,109,False,ClwhKmvLnn,qbypNZNNBu,,Invalid id
36,109,False,OPXQIVcygm,,193,Invalid id
37,109,False,yyxvBRBYOK,,,Invalid id
38,109,False,,fRsVUPPyts,240,Invalid id
39,109,False,,kBxmZUGMWL,,Invalid id
40,109,False,,,639,Invalid id
41,109,False,,,,Invalid id
42,109,False,eAYCiDWBmafmuYFlTuVLCRvxOQCWxXhYIyLvTtrYLBqxjVAbRI,FqxIXjibdyVRjmlzFeqzRbeZDCdmHXTjorCIVXMXzMNdWzxrslqNcdDlIpHqeqmxfzKEizNzLvVkSlqmhMXOlIVXPrOrkfLTMwyL,6406,Invalid id
43,109,False,NSqPhTxgQmYyTcectqUiHRJhUQtcTORXmydlEtdErsexOewGFhH,AKvXQngzDhbzcNvAZdrOeCRqTUtVLybTBknqKImDJjWuKcWqcfkLiAGGgoQNOhPGKdWdkiANkIfWpRHGzsEutDmOlVzeMeYdWLtHr,6153,Invalid id
44,109,False,uHaoGqmqFl,chHyOxxeNn,SAKBJfqZLR,Invalid id
45,967790063,False,eZaUcpBXnk,TOaszLzaCD,962,Invalid id
46,967790063,False,uqgoAJREOO,weokWzXUXY,,Invalid id
47,967790063,False,UiCNyPULuk,,853,Invalid id
48,967790063,False,rUuDqCGXiQ,,,Invalid id
49,967790063,False,,ZBRfQXQqpw,716,Invalid id
50,967790063,False,,gnrCkDkakV,,Invalid id
51,967790063,False,,,633,Invalid id
52,967790063,False,,,,Invalid id
53,967790063,False,MQFLpYWORwHXgyFAzabUKFDEjetnsNHtkJrrCcEeyRAcIsQugJ,XVDSjNiDPojjfNHJsbvJrVgqpFvwggfQzKaYNHnMTUHVZgaDZOqUEUwEGwfTbFRbFeyFtRyMFXvStrtQKtJQyMWGyXgSvEFVbCkE,1803,Invalid id
54,967790063,False,sjTpFrOxuApILvURyBKeMGANzTTBwDmfALwBASQHFBoTuZiXOIb,nZBwskFXSEdaLwLWsaaonwvjYVZbAdSDtVRptsrLTkSFWFjKsPBVoFgjagVGecBmBLmcWgLTqTrGsnEroXmgcRsKiMnssyHjTXSvw,1801,Invalid id
55,967790063,False,mGlmHOIFJs,gGIKLecyjJ,AOeTCcsVKF,Invalid id
